[US] E.T. the Extra-Terrestrial (1982) - See the film that inspired the hit video-game!	E.T. the Extra-Terrestrial (1982)	Children|Drama|Sci-Fi
[US] Top Gun (1986) - As students at the United States Navy's elite fighter weapons school compete to be best in the class, one daring young pilot learns a few things from a civilian instructor that are not taught in the classroom.	Top Gun (1986)	Action|Romance
[US] Monty Python and the Holy Grail (1975): Listen. Strange women lying in ponds distributing swords is no basis for a system of government. Supreme executive power derives from a mandate from the masses, not from some farcical aquatic ceremony.	Monty Python and the Holy Grail (1975)	Adventure|Comedy|Fantasy
[US] Goodfellas (1990) - The true story of Henry Hill, a half-Irish, half-Sicilian Brooklyn kid who is adopted by neighbourhood gangsters at an early age and climbs the ranks of a Mafia family under the guidance of Jimmy Conway.	Goodfellas (1990)	Crime|Drama
[US] Rush Hour (1998) - A loyal and dedicated Hong Kong Inspector teams up with a reckless and loudmouthed L.A.P.D. detective to rescue the Chinese Consul's kidnapped daughter, while trying to arrest a dangerous crime lord along the way.	Rush Hour (1998)	Action|Comedy|Crime|Thriller
[US] American Beauty (1999) - Lester Burnham, a depressed suburban father in a mid-life crisis, decides to turn his hectic life around after developing an infatuation with his daughter's attractive friend.	American Beauty (1999)	Drama|Romance
"\"[US] Galaxy Quest (1999): Decades after the success of a sci-fi series, the show's washed-up stars are recruited by actual aliens to pull off an intergalactic rescue mission. 90% \"\"Certified Fresh\"\" on RT. Never give up, never surrender!\""	Galaxy Quest (1999)	Adventure|Comedy|Sci-Fi
[US] Gladiator (2000) - A former Roman General sets out to exact vengeance against the corrupt emperor who murdered his family and sent him into slavery.	Gladiator (2000)	Action|Adventure|Drama
[US] Battlefield Earth (2000) - Arguably the best scifi movie ever made. Winner of awards too numerous to list. Easily cemented Travolta as Best Actor of 20th and 21st century. Do not miss this one!	Battlefield Earth (2000)	Action|Sci-Fi
[US] Blazing Saddles (1974) In order to ruin a western town, a corrupt politician appoints a black sheriff, who promptly becomes his most formidable adversary.	Blazing Saddles (1974)	Comedy|Western
[US] What About Bob? (1991) A successful psychotherapist loses his mind after one of his most dependent patients, an obsessive-compulsive neurotic, tracks him down during his family vacation. Bill Murray and Richard Dreyfuss.	What About Bob? (1991)	Comedy
[US] Snatch (2000) - Unscrupulous boxing promoters, violent bookmakers, a Russian gangster, incompetent amateur robbers and supposedly Jewish jewelers fight to track down a priceless stolen diamond.	Snatch (2000)	Comedy|Crime|Thriller
[US] O Brother, Where Art Thou? (2000) - In the deep south during the 1930s, three escaped convicts search for hidden treasure while a relentless lawman pursues them. Directed by Joel and Ethan Coen.	O Brother, Where Art Thou? (2000)	Adventure|Comedy|Crime
[US] Memento (2000) A man juggles searching for his wife's murderer and keeping his short-term memory loss from being an obstacle.	Memento (2000)	Mystery|Thriller
[CAN] Memento (2000): A man suffering from short-term memory loss tries to find his wife's murderer. Directed by Christopher Nolan.	Memento (2000)	Mystery|Thriller
[US] Donnie Darko (2001) A troubled teenager is plagued by visions of a man in a large rabbit suit who manipulates him to commit a series of crimes, after he narrowly escapes a bizarre accident.	Donnie Darko (2001)	Drama|Mystery|Sci-Fi|Thriller
[US] Holes (2003) A wrongfully convicted boy is sent to a brutal desert detention camp where he joins the job of digging holes for some mysterious reason. With Shia LaBeouf, Sigourney Weaver, Jon Voight and the amazing Tim Blake Nelson.	Holes (2003)	Adventure|Children|Comedy|Mystery
[US] 50 First Dates (2004) - Adam Sandler, Drew Barrymore and Rob Schneider star in a hilarious ROMCOM in Hawaii.	50 First Dates (2004)	Comedy|Romance
[US] Mean Girls (2004) - Cady Heron is a hit with The Plastics, the A-list girl clique at her new school, until she makes the mistake of falling for Aaron Samuels, the ex-boyfriend of alpha Plastic Regina George.	Mean Girls (2004)	Comedy
[US] Collateral (2004) - A cab driver finds himself the hostage of an engaging contract killer as he makes his rounds from hit to hit during one night in Los Angeles in this crime thriller from Director Michael Mann (Tom Cruise, Jamie Foxx, Mark Ruffalo)	Collateral (2004)	Action|Crime|Drama|Thriller
[UK] V for Vendetta (2006) In a near dystopian society, a masked anarchist fomenting a revolution recruits Natalie Portman, a network TV employee, while a detective seeks his true identity.	V for Vendetta (2006)	Action|Sci-Fi|Thriller|IMAX
[US] Hard Candy (2005) Disturbing thriller starring Ellen Page as a teenage girl who meets an older man on the internet.	Hard Candy (2005)	Drama|Thriller
"\"[US] Employee of the Month (2006) A slacker competes with a repeat winner for the \"\"Employee of the Month\"\" title at work, in order to gain the affections of a new female employee.... Face...\""	Employee of the Month (2006)	Comedy
[US] Children of Men (2006): In a future where no more babies are born, one woman mysteriously starts a major conflict. Directed by Alfonso Cuaron and starring Clive Owen as an everyman thrown into the middle of the conflict. A modern masterpiece, it is leaving Netflix on February 1st!	Children of Men (2006)	Action|Adventure|Drama|Sci-Fi|Thriller
[US] Hot Fuzz (2007) A skilled London police officer is transferred to a small town that's harbouring a dark secret. Directed by Edgar Wright; Stars Simon Pegg, Nick Frost, Martin Freeman, Bill Nighy	Hot Fuzz (2007)	Action|Comedy|Crime|Mystery
[US] Hot Fuzz (2007) A top London cop is assigned to investigate a seemingly calm town, which starts to stir with a series of grisly “accidents.” Hilarious comedy directed by Edgar Wright.	Hot Fuzz (2007)	Action|Comedy|Crime|Mystery
"\"[US] Hot Fuzz (2007) - A top London cop is assigned to investigate a seemingly crime free town, which suddenly starts to stir with a series of grisly \"\"accidents.\"\"\""	Hot Fuzz (2007)	Action|Comedy|Crime|Mystery
[US] Hot Fuzz (2007): A top London cop is assigned to investigate a seemingly sleepy town, which suddenly starts to stir with a series of grizzly “accidents”	Hot Fuzz (2007)	Action|Comedy|Crime|Mystery
[US] Stardust (2007) To win his true love's heart, wide-eyed Tristan Thorn journeys to a forbidden realm to retrieve a fallen star that has taken human form.	Stardust (2007)	Adventure|Comedy|Fantasy|Romance
[US] Stardust (2007) - In the 1800's, the clumsy teenager Tristan Thorn crosses the wall in the border of his town to the magic realm of Stormhold to bring a fallen star to his beloved Victoria, a spoiled girl that does not love him but has promised to marry him if he accomplishes his promise.	Stardust (2007)	Adventure|Comedy|Fantasy|Romance
[US] Superbad (2007): Two high school best buddies are now facing separation anxiety as they prepare to leave for different colleges. While attempting to score alcohol for a house party with help from their fake ID-toting friend, the guys’ evening takes an unexpected turn into chaotic territory.	Superbad (2007)	Comedy
[US] In Bruges (2008) After a job goes wrong in London, two hit men are ordered to lay low at a bed-and-breakfast in Bruges, Belgium, until their boss contacts them.	In Bruges (2008)	Comedy|Crime|Drama|Thriller
[US] In Bruges (2008): Witty, dialogue-driven dark comedy film about two London hit men lying low in Bruges. Very dreamy film with stellar performances by all of its cast members – and only available until October 16!	In Bruges (2008)	Comedy|Crime|Drama|Thriller
[US] Forgetting Sarah Marshall (2008): After his TV star girlfriend, Sarah, breaks his heart, Peter can't move on because she's vacationing at the same resort in Hawaii. Hilarious comedy starring Jason Segel, Kristen Bell, Russell Brand, Mila Kunis, & Paul Rudd	Forgetting Sarah Marshall (2008)	Comedy|Romance
[US] Religulous (2008) - This documentary follows Bill Maher as he travels around the globe interviewing people about God and religion.	Religulous (2008)	Comedy|Documentary
[US] Death Note (2006) - An ordinary high school student crosses paths with a book that grants him the power to control when people die. Leaves Netflix October 14.	Death Note (2006)	Adventure|Crime|Drama|Horror|Mystery
[US] Watchmen (2009) - In 1985 where former superheroes exist, the murder of a colleague sends active vigilante Rorschach into his own sprawling investigation, uncovering something that could completely change the course of history as we know it.	Watchmen (2009)	Action|Drama|Mystery|Sci-Fi|Thriller|IMAX
[US] Tropic Thunder (2008) This combat film send-up from director-star Ben Stiller tracks a group of actors who are forced to become real-life soldiers.	Tropic Thunder (2008)	Action|Adventure|Comedy|War
[US] Mr. Nobody (2009) 2h 37m: In 2092 Nemo Nobody (Jared Leto) is the last mortal human alive. With his memory fading, Nemo thinks back on the lives he's lived.	Mr. Nobody (2009)	Drama|Fantasy|Romance|Sci-Fi
[US] Tiny Furniture (2010): A fun but SUPER corny drama of a young woman handling adulthood	Tiny Furniture (2010)	Comedy
[US] Contagion (2011) - Two days after Beth returns to Minnesota from Hong Kong, she is dead. Doctors have no idea what killed her. Soon a global pandemic explodes pitting the CDC in a race against time to find answers in this medical thriller from Director Steven Soderbergh.	Contagion (2011)	Sci-Fi|Thriller|IMAX
"\"[US] Goon (2011): Doug \"\"The Thug\"\" Glatt is the new enforcer for a minor league hockey team and he must fight the notorious enforcer Ross \"\"The Boss\"\" Rhea.\""	Goon (2011)	Comedy|Drama
[US] Jiro Dreams of Sushi (2011): A documentary on 85-year-old sushi master Jiro Ono, his renowned Tokyo restaurant, and his relationship with his son and eventual heir, Yoshikazu.	Jiro Dreams of Sushi (2011)	Documentary
"\"[US] Jiro Dreams of Sushi (2011) - Jiro Ono is the owner and head chef at the humble three-Micheline star restaurant \"\"Sukiyabashi Jiro\"\", and is regarded as the top sushi chef in world. This calming, beautifully-shot documentary follows him and his staff's daily lives. A great film to unwind to.\""	Jiro Dreams of Sushi (2011)	Documentary
[US] Looper (2012) - In 2074, when the mob wants to get rid of someone, the target is sent into the past, where a hired gun awaits - someone like Joe - who one day learns the mob wants to 'close the loop' by sending back Joe's future self for assassination. - Last day on Netflix June 30	Looper (2012)	Action|Crime|Sci-Fi
[US] About Time (2013) - At the age of 21, Tim discovers he can travel in time and change what happens and has happened in his own life. His decision to make his world a better place by getting a girlfriend turns out not to be as easy as you might think.	About Time (2013)	Drama|Fantasy|Romance
[US] Noah (2014) Darren Aronofsky's bold reimagining of the Biblical flood story. Russel Crow, Jennifer Connelly, Emma Watson.	Noah (2014)	Adventure|Drama|IMAX
[US] God's Not Dead (2014) - An inspiring, heartfelt story of a young college student who stands up for his faith against his atheist professor. The powerful message along with the stellar acting makes for one of the best movies of 2014. Just kidding, it's fucking awful.	God's Not Dead (2014)	Drama
[US] Teenage Mutant Ninja Turtles (2014) - Four grotesque monsters, Megan Fox, and Gob Bluth save the world from yet another doomsday device on top of a skyscraper	Teenage Mutant Ninja Turtles (2014)	Action|Adventure|Comedy
[CAN] John Wick (2014) - When a gangster's son steals his car and kills his dog, fearless ex-hit man John Wick takes on the entire mob to get his revenge.	John Wick (2014)	Action|Thriller
[US] Nightcrawler (2014) - A young loner desperate for work discovers a hidden talent in trolling the streets of LA and filming fires, accidents, - and murder. Starring Jake Gyllenhaal.	Nightcrawler (2014)	Crime|Drama|Thriller
[US] Nightcrawler (2014) A young hustler (Jake Gyllenhaal)​ gets sucked into the sordid but lucrative business of trolling the streets of Los Angeles to film fires, car crashes -- and murder.	Nightcrawler (2014)	Crime|Drama|Thriller
[US] Ex Machina (2015) - A coder at a tech company wins a week-long retreat at the compound of his company's CEO, where he's tasked with testing a new artificial intelligence.	Ex Machina (2015)	Drama|Sci-Fi|Thriller
[US] Dear White People (2014): Thought-provoking satire of stereotypes and identity that explores the racial and social tensions at a fictional top-tier, predominantly white, school. Features Tyler James Williams and Dennis Haysbert.	Dear White People (2014)	Comedy|Drama
[US] Chappie (2015) In the near future, crime is patrolled by a mechanized police force. When one police droid, Chappie, is stolen and given new programming, he becomes the first robot with the ability to think and feel for himself. Directed by Neill Blomkamp (District 9, Elysium)	Chappie (2015)	Action|Thriller
[US] Thor: Ragnarok (2017), To save Asgard from a bloodthirsty goddess of death, the mighty Thor will have to battle his way to freedom and find a way back home	Thor: Ragnarok (2017)	Action|Adventure|Sci-Fi
[US] The Hateful Eight (2015): Some years after the Civil War in a Wyoming winter, eight travelers seeking refuge at a stagecoach way station - including bounty hunters, outlaws and former soldiers - become enmeshed in a duplicitous plot of betrayal and deception as a savage blizzard rages outside.	The Hateful Eight (2015)	Western
"\"[US] Lovesick (2014) - Originally titled \"\"Scrotal Recall,\"\" it's a British How I Met Your Mother but the characters actually learn and grow\""	Lovesick (2014)	Comedy|Romance
[US] American Ultra (2015) I rarely like movies anymore. I rarely can even make myself watch one. Then I stumble across this and it's the best thing I've seen since Avatar. About two stoner lovers caught in a hurricane of violence. Amazingly good. Jesse Eisenberg, Kristen Stewart.	American Ultra (2015)	Action|Comedy|Sci-Fi|Thriller
[US] The Invitation(2015) | After a man accepts a dinner party invite from his ex wife he begins to believe his ex has sinister motives for the guests, highly recommend	The Invitation (2015)	Horror|Thriller
[US] The Ridiculous 6 (2015): An outlaw who was raised by Native Americans discovers that he has five half-brothers; together the men go on a mission to find their wayward, deadbeat dad. Starring Adam Sandler, Terry Crews, Jorge Garcia, Taylor Lautner, Rob Schneider, Luke Wilson, and many more.	The Ridiculous 6 (2015)	Comedy|Western
[US] Zootopia (2016) When an otter mysteriously disappears from the animal city of Zootopia, a rabbit police officer teams up with a fast talking fox to set things right.	Zootopia (2016)	Action|Adventure|Animation|Children|Comedy
[US] The Nice Guys (2016) - In 1970s Los Angeles, a mismatched pair of private eyes (Russell Crowe, Ryan Gosling) investigate a missing girl and the mysterious death of a porn star. (Dir. Shane Black)	The Nice Guys (2016)	Crime|Mystery|Thriller
[US] War Dogs (2016) - Loosely based on the true story of two young men, David Packouz and Efraim Diveroli, who won a three hundred million dollar contract from the Pentagon to arm America's allies in Afghanistan.	War Dogs (2016)	Comedy
[US] Train to Busan (2016): While a zombie virus breaks out in South Korea, passengers struggle to survive on the train from Seoul to Busan.	Train to Busan (2016)	Action|Thriller
[US] Kubo and the Two Strings (2016): When vengeful spirits from his past come calling, Kubo discovers his one chance of survival rests on locating a magical suit of armor once worn by his fallen father. Joined by two protectors, he embarks on an odyssey to unlock the secrets of his family history.	Kubo and the Two Strings (2016)	Adventure|Animation|Children|Fantasy
[US] The Little Hours (2017) Did I format the fucking title right? Do I have your fucking permission to tell you this movie’s fucking hilarious you shitty fucking bot?	The Little Hours (2017)	Comedy
[CAN] Logan (2017): In the year 2029, as Wolverine's abilities fade, he and a gravely ill Prof X struggle to protect a new mutant from dark forces	Logan (2017)	Action|Sci-Fi
[US] The Boss Baby (2017) A kid finds himself at the center of a sinister corporate plot when his parents bring home a baby who only talks business when they're not around.	The Boss Baby (2017)	Animation|Children|Comedy
[US] Dunkirk (2017) - In May 1940, Germany advanced into France, trapping Allied troops on the beaches of Dunkirk. Under air and ground cover from British and French forces, troops were slowly and methodically evacuated from the beach using every serviceable vessel that could be found.	Dunkirk (2017)	Action|Drama|Thriller|War
[US] Blade Runner 2049 (2017) - Young Blade Runner K's discovery of a long-buried secret leads him to track down former Blade Runner Rick Deckard, who's been missing for thirty years.	Blade Runner 2049 (2017)	Sci-Fi
[US] Icarus (2017) - Since the Olympics are back in full swing and possible doping in Women's Figure Skating, let's take a visit back to Putin's most wanted whistleblower and Russia's state sponsored doping operation.	Icarus (2017)	Documentary
[US] Coco (2017) is streaming now: Despite his family's generations-old ban on music, young Miguel dreams of becoming an accomplished musician like his idol Ernesto de la Cruz.	Coco (2017)	Adventure|Animation|Children
[US] The Breadwinner (2017): “A courageous 11-year-old Afghan girl disguises herself as a boy and takes on odd jobs to provide for her family when her father is arrested.” RT 94%, nominated for best animated feature at the 2018 Oscars and Golden Globes.	The Breadwinner (2017)	Animation|Drama|War
[US] The Cloverfield Paradox (2018): When their mission descends into chaos, she must be willing to sacrifice everything for the world left behind.	The Cloverfield Paradox (2018)	Horror|Mystery|Sci-Fi|Thriller
[US] Making a Murderer (2015) - Story of a small town man who was wrongfully imprisoned for rape (18 yrs) and then released, but when jobs and money are on the line the story is just beginning!	Making a Murderer (2015)	Crime|Documentary
[US] Sorry to Bother You (2018) - In this surrealist comedy, a young black telemarketer (LaKeith Stanfield) adopts a white accent to succeed at his job. Swept into a corporate conspiracy, he must choose between profit and joining his activist friends to organize labor.	Sorry to Bother You (2018)	Comedy|Fantasy|Sci-Fi
[US] Spider-Man: Into the Spider-Verse (2018)	Spider-Man: Into the Spider-Verse (2018)	Action|Adventure|Animation|Sci-Fi
[US] Vice (2018) - The story of Dick Cheney, an unassuming bureaucratic Washington insider, who quietly wielded immense power as Vice President to George W. Bush, reshaping the country and the globe in ways that we still feel today.	Vice (2018)	Comedy|Drama
[DISCUSSION] Kingdom (2019): K-drama/zombie-horror	Kingdom (2019)	Action|War
[US] Klaus (2019) A lovely origin story for Santa	Klaus (2019)	Adventure|Animation|Children|Comedy
